Username,Password,IsAccountActive,IsBlocked,Role,PersonId
hgradon0,54XpdkOd14ha,true,false,0,123a835d-0998-4e5e-b55f-d1ec6f8f1ad2
gtorbeck1,U0LHHu3X60,true,false,0,3b3b7c87-5ed8-4ed1-a39a-fbb9e07e2a17
nsaffill2,FRufwDOeE,true,false,0,501cb78e-d157-49b5-9093-f87833f5ab42
agreengrass3,HSrLcZW,true,false,0,7306ce59-2c2e-4b8c-8dc6-6b1977a237fa
rprozescky4,gv8G2dR,true,false,0,11f66ba5-eabb-4956-bdd4-960b83201d0b
rlanphier5,WcKFFAV,true,false,0,13984a82-bdac-42f5-b856-d76df3f85f9b
dbattie6,VdUtpYaryJf,true,false,0,ba871e05-a586-4d23-aa90-b7a86bbfb264
clotwich7,ZlYRG56SHGh,true,false,0,12cd00c4-cd4f-4597-97d7-d642181c278f
mbanthorpe8,pjrFxYt,true,false,0,210809af-8fdc-467a-a07f-2ee188a345e1
lgodier9,lvYp08vTg,true,false,0,44cf702e-4e04-40c0-9098-841852fe498f
gisgara,IVvq9iX72xk0,true,false,0,940e3bd6-b09a-45bd-8799-788d570c8592
jgomeryb,hdG4mFwxA,true,false,0,2d21cf4e-9b59-432e-9467-cd663851a344
jrubinowc,IYZKQXDPqFmB,true,false,0,684f17a4-2474-474d-9c46-cd9a9d22b687
bgrayerd,6npUOxgaZTV,true,false,0,de6a91ee-bac0-439e-85aa-2bee3c6da92c
ufurye,TSgPaXaWKFL,true,false,0,11942a9c-850e-489a-8434-98704889d8ed
htonsleyf,RHpsuhbzj,true,false,0,1c993005-265d-40b8-8804-4d84f02aadd4
cshentong,WNaouSHGe6k,true,false,0,886dd1c8-8057-4538-b993-3e42c805e7a6
awhitsunh,htBaX42c,true,false,0,cf5f4283-d409-42ca-bb12-6dbec77563d0
ldekeyseri,QSIUefDez6,true,false,0,70d9229a-73e2-455e-a3f6-81b5380979cf
kbeaneyj,YG8DZDeO,true,false,0,59fd4e8a-0ed7-4c81-939d-fec17dffe9d0
dpridittk,UGpzuZi2ZpU8,true,false,0,666afc0c-1256-4752-8769-2c32769ff55e
cmcettrickl,g37jzdU31O4,true,false,0,608d9eda-335f-42c9-aeee-942673984d2b
ffilipovicm,SWYRObo6FQdO,true,false,0,be06968d-fa84-43db-8834-b1ae7b990f8e
bsuermeiersn,8TcF5q1AnGm,true,false,0,2f965ffe-c645-4e43-bd34-f3c89c2d06ab
acobdeno,lfGl6KyHGQtz,true,false,0,a401926d-2cc7-43d3-af2e-1361212b2298
jkermeenp,YGlGglaVCn,true,false,0,c1db258b-3034-4ba5-98bd-4f68137bac94
shigounetq,QKzN0is,true,false,0,eec1b3d6-19e2-4ba4-8710-ee5b9c8ceafa
lhanhardr,9emNoQoZl,true,false,0,2cf39222-eb6d-4234-b0f8-858277bbfe88
amacvanamys,bZ8xmqmFJl,true,false,0,5e8db58e-d1f8-4a1c-800d-4b017a4817b0
famost,Y6mS72QIBPAr,true,false,0,fe8935e7-9d48-4ec9-b68f-a2ee2afc3d4b
ndelguau,8p1EMC,true,false,0,543edc56-3093-4f56-92a6-14a84efb06ac
cleacyv,TwlC7DMBh,true,false,0,5d3afaa2-9680-4ec2-8993-384a5509c0ae
vmecchiw,bMpJQskj,true,false,0,0d5bdccd-19ec-4e52-9c43-09d7eec861d2
yturviex,RxQrna,true,false,0,026e14a8-41a7-4fc2-a98d-d9d0b88ee202
wbeardselly,jQ4a0kzK,true,false,0,1344543f-01e7-498d-a806-b4cd522331ce
borrocksz,hdP3UUk,true,false,0,b259d8ef-af8c-4faf-83e4-3c1022cadae0
bstoven10,pEmrRfTAb,true,false,0,e4e226d0-bb83-4536-aecf-2104e62187c4
egrane11,5vrOh5,true,false,0,58c0bccf-acef-43e9-9edc-2201ef6fd2c8
jmuffitt12,MZDWUH,true,false,0,53021651-422e-4ace-9398-59559e6ebeb8
mpryer13,Okpfoyk2Qk,true,false,0,e6fbebce-dd68-45e4-9e38-c66b98cc8197
